0,1,2,3,4,5,6,7,8,9,10,11,12,13,14,15,16,17,18
5,1.518,13.667,7.656,10.445,0.726,9.292,6.571,0.937,71.21,0.665,0.239,0.56,0.055,0.055,0.807,0.962,24.038,3.467
4,1.42,10.556,5.28,7.982,0.622,17.158,12.132,0.929,79.993,0.62,0.225,0.633,0.036,0.036,0.792,0.821,71.406,5.975
4,1.366,9.704,4.318,5.77,0.63,10.194,7.208,0.917,56.381,0.653,0.333,0.55,0.035,0.035,0.713,0.719,29.491,3.84
4,1.33,9.207,3.69,6.523,0.528,8.629,6.102,0.886,38.357,0.674,0.361,0.517,0.05,0.05,0.528,0.646,27.138,3.684
4,1.362,9.952,4.364,6.687,0.523,13.099,9.262,0.899,51.794,0.657,0.345,0.442,0.09,0.09,0.636,0.599,50.88,5.044
4,1.436,11.756,5.936,8.031,0.504,11.068,7.827,0.889,44.057,0.637,0.29,0.472,0.094,0.094,0.616,0.629,35.236,4.197
4,1.412,22.091,9.681,9.199,0.547,12.066,8.532,0.903,51.725,0.619,0.243,0.578,0.053,0.053,0.658,0.712,37.041,4.304
4,1.297,12.423,4.562,6.752,0.508,15.805,11.176,0.901,56.686,0.632,0.288,0.508,0.088,0.088,0.642,0.602,63.841,5.65
4,1.308,7.643,2.83,6.298,0.776,8.024,5.674,0.946,76.878,0.673,0.278,0.514,0.069,0.069,0.847,0.75,11.25,2.372
4,1.308,11.286,4.246,5.687,0.624,9.614,6.798,0.914,53.037,0.549,0.392,0.423,0.069,0.069,0.769,0.667,22.667,3.367
4,1.574,11.923,7.635,9.185,0.71,8.835,6.248,0.932,64.426,0.626,0.258,0.67,0.031,0.031,0.845,0.92,21.16,3.253
4,1.464,8.083,4.837,7.748,0.753,7.412,5.241,0.938,64.76,0.711,0.232,0.565,0.072,0.072,0.768,0.813,10.563,2.298
4,1.3,9.912,3.612,6.928,0.576,10.568,7.473,0.905,50.252,0.617,0.337,0.495,0.053,0.053,0.688,0.743,38.629,4.395
4,1.284,6.375,2.051,3.792,0.696,9.942,7.03,0.932,67.791,0.672,0.321,0.511,0.058,0.058,0.788,0.795,27.841,3.731
4,1.343,14.0,5.716,9.189,0.957,8.008,5.663,0.99,403.616,0.729,0.176,0.706,0.039,0.039,1.0,1.0,9.0,2.121
4,1.276,27.636,10.249,7.982,0.572,9.98,7.057,0.902,47.701,0.615,0.358,0.476,0.07,0.07,0.695,0.701,32.97,4.06
4,1.306,6.125,2.211,4.819,0.724,7.172,5.071,0.93,56.38,0.704,0.391,0.478,0.043,0.043,0.725,0.704,13.37,2.586
4,1.363,10.667,4.648,6.767,0.579,12.689,8.972,0.912,57.986,0.656,0.26,0.495,0.092,0.092,0.689,0.634,32.976,4.061
4,1.36,12.588,5.365,6.815,0.561,11.601,8.203,0.905,51.924,0.654,0.314,0.536,0.075,0.075,0.679,0.727,46.545,4.824
4,1.419,16.125,7.438,7.669,0.729,8.276,5.852,0.935,65.214,0.612,0.278,0.557,0.063,0.063,0.835,0.864,16.409,2.864
4,1.431,10.2,5.278,8.049,0.765,7.723,5.461,0.942,70.755,0.657,0.299,0.582,0.0,0.0,0.851,0.9,16.2,2.846
4,1.362,11.138,4.828,7.819,0.647,11.629,8.223,0.925,65.562,0.774,0.196,0.712,0.012,0.012,0.7,0.755,27.939,3.738
4,1.373,9.375,4.272,6.487,0.578,8.667,6.128,0.899,43.191,0.68,0.261,0.641,0.033,0.033,0.647,0.725,21.025,3.242
5,1.538,17.0,9.186,10.406,0.824,8.984,6.352,0.959,108.273,0.706,0.286,0.488,0.071,0.071,0.869,0.917,20.167,3.175
4,1.233,6.559,1.52,2.357,0.587,8.772,6.203,0.902,44.678,0.601,0.373,0.463,0.075,0.075,0.694,0.62,19.22,3.1
5,1.531,13.843,7.877,10.499,0.53,14.076,9.953,0.903,55.239,0.63,0.29,0.535,0.058,0.058,0.658,0.682,60.031,5.479
4,1.37,9.415,4.253,6.368,0.622,12.216,8.638,0.92,63.21,0.583,0.373,0.462,0.098,0.098,0.796,0.738,45.762,4.783
4,1.523,22.179,11.035,10.451,0.512,12.761,9.023,0.896,49.607,0.612,0.289,0.563,0.058,0.058,0.674,0.709,55.309,5.259
4,1.35,12.077,5.054,8.156,0.777,9.737,6.885,0.95,91.5,0.694,0.284,0.486,0.073,0.073,0.899,0.903,25.29,3.556
4,1.393,5.37,2.943,4.279,0.669,8.055,5.696,0.919,52.057,0.683,0.323,0.455,0.111,0.111,0.707,0.625,12.5,2.5
4,1.446,13.333,6.678,9.402,0.686,11.474,8.113,0.933,73.262,0.654,0.339,0.47,0.077,0.077,0.798,0.79,38.726,4.4
4,1.281,5.615,1.714,4.88,0.582,7.035,4.974,0.891,36.486,0.61,0.427,0.337,0.124,0.124,0.674,0.684,17.789,2.982
4,1.379,6.407,3.177,6.497,0.543,10.107,7.147,0.896,44.952,0.627,0.336,0.562,0.037,0.037,0.668,0.74,39.945,4.469
5,1.603,11.526,7.818,9.991,0.603,8.92,6.307,0.906,47.093,0.671,0.272,0.585,0.027,0.027,0.701,0.7,19.6,3.13
4,1.32,11.1,4.313,5.738,0.554,8.255,5.837,0.891,39.217,0.631,0.321,0.5,0.079,0.079,0.65,0.667,20.0,3.162
4,1.456,10.689,5.754,8.329,0.56,14.295,10.108,0.91,60.0,0.65,0.335,0.509,0.075,0.075,0.677,0.641,58.317,5.4
4,1.303,14.762,5.545,6.675,0.552,9.712,6.868,0.896,44.438,0.6,0.285,0.559,0.038,0.038,0.667,0.604,19.321,3.108
4,1.336,13.1,5.282,7.029,0.687,7.863,5.56,0.923,53.94,0.649,0.412,0.459,0.071,0.071,0.8,0.829,24.029,3.466
4,1.518,7.581,5.284,6.398,0.598,10.8,7.637,0.911,54.105,0.617,0.299,0.473,0.07,0.07,0.731,0.683,28.017,3.743
4,1.42,9.316,4.799,7.147,0.563,12.975,9.175,0.908,56.58,0.635,0.285,0.552,0.056,0.056,0.688,0.594,33.844,4.114
4,1.365,15.469,6.555,7.816,0.509,14.02,9.914,0.898,52.563,0.606,0.279,0.525,0.078,0.078,0.682,0.742,70.508,5.938
4,1.492,12.387,6.849,8.868,0.604,11.839,8.372,0.915,58.874,0.646,0.286,0.512,0.052,0.052,0.73,0.718,36.634,4.28
4,1.437,13.143,6.488,7.604,0.567,13.322,9.42,0.91,58.199,0.647,0.289,0.487,0.067,0.067,0.695,0.709,51.738,5.086
4,1.431,6.766,3.932,7.093,0.597,10.655,7.534,0.911,53.456,0.67,0.324,0.498,0.047,0.047,0.671,0.696,33.391,4.086
4,1.28,6.14,1.912,3.39,0.655,10.647,7.529,0.924,62.832,0.663,0.32,0.486,0.063,0.063,0.789,0.696,27.161,3.685
4,1.37,9.965,4.466,6.989,0.525,17.612,12.454,0.908,63.182,0.631,0.305,0.505,0.076,0.076,0.705,0.581,73.161,6.048
4,1.438,15.731,7.509,8.213,0.57,11.521,8.147,0.906,52.808,0.623,0.369,0.463,0.063,0.063,0.686,0.638,38.298,4.376
4,1.307,8.833,3.273,6.17,0.66,9.615,6.799,0.923,58.851,0.67,0.296,0.585,0.085,0.085,0.697,0.833,29.167,3.819
4,1.576,13.167,8.141,9.781,0.553,12.034,8.509,0.904,52.3,0.665,0.283,0.537,0.073,0.073,0.641,0.64,36.506,4.272
4,1.462,12.333,6.471,8.151,0.58,11.698,8.272,0.909,54.779,0.602,0.257,0.633,0.037,0.037,0.718,0.746,35.063,4.187
4,1.353,16.6,6.854,8.188,0.59,9.316,6.587,0.904,47.255,0.639,0.239,0.604,0.044,0.044,0.692,0.632,15.158,2.753
4,1.471,8.667,5.15,8.577,0.808,8.237,5.824,0.954,91.922,0.644,0.388,0.463,0.015,0.015,0.91,0.885,20.346,3.19
4,1.409,9.0,4.55,5.907,0.678,8.871,6.273,0.925,58.228,0.614,0.371,0.524,0.038,0.038,0.752,0.769,23.077,3.397
4,1.353,7.25,3.208,4.554,0.655,7.056,4.99,0.911,44.354,0.629,0.247,0.616,0.0,0.0,0.781,0.611,6.722,1.833
4,1.292,7.378,2.535,5.113,0.572,10.428,7.373,0.904,49.329,0.699,0.293,0.547,0.052,0.052,0.655,0.75,38.25,4.373
4,1.392,10.909,5.086,8.317,0.758,8.307,5.874,0.942,73.556,0.692,0.277,0.518,0.072,0.072,0.892,0.913,19.174,3.096
4,1.321,6.813,2.656,5.605,0.706,7.375,5.215,0.926,54.292,0.651,0.254,0.507,0.113,0.113,0.761,0.722,9.389,2.167
4,1.49,11.406,6.445,7.594,0.578,11.044,7.809,0.907,52.263,0.592,0.301,0.417,0.069,0.069,0.731,0.646,27.138,3.684
4,1.445,12.618,6.384,7.712,0.513,10.622,7.511,0.89,43.561,0.625,0.261,0.556,0.045,0.045,0.623,0.629,27.657,3.719
4,1.383,14.0,6.191,7.667,0.753,9.348,6.61,0.944,79.745,0.617,0.326,0.453,0.116,0.116,0.874,0.806,20.161,3.175
4,1.373,18.067,7.654,10.009,0.565,9.294,6.572,0.898,44.265,0.646,0.234,0.611,0.046,0.046,0.691,0.829,28.195,3.755
4,1.288,9.697,3.384,6.048,0.491,8.777,6.206,0.877,35.903,0.662,0.255,0.524,0.066,0.066,0.561,0.556,16.667,2.887
4,1.518,10.692,6.492,8.047,0.727,8.567,6.058,0.935,66.695,0.662,0.283,0.478,0.043,0.043,0.761,0.615,9.846,2.219
5,1.447,17.0,8.115,11.278,0.847,7.809,5.522,0.963,110.19,0.729,0.21,0.645,0.048,0.048,0.887,0.846,9.308,2.157
4,1.486,13.8,7.321,9.632,0.754,8.853,6.26,0.943,76.257,0.667,0.283,0.565,0.076,0.076,0.859,0.885,20.346,3.19
4,1.387,13.778,6.151,8.872,0.79,8.801,6.223,0.951,89.336,0.669,0.325,0.506,0.048,0.048,0.867,0.889,21.333,3.266
4,1.256,11.452,3.701,5.821,0.53,9.978,7.056,0.892,43.136,0.625,0.347,0.468,0.077,0.077,0.658,0.675,35.117,4.19
4,1.575,13.194,8.138,9.751,0.552,12.021,8.5,0.903,52.114,0.663,0.283,0.537,0.073,0.073,0.641,0.64,36.506,4.272
5,1.51,14.167,7.751,10.667,0.604,9.644,6.819,0.909,50.308,0.682,0.259,0.603,0.029,0.029,0.667,0.667,20.0,3.162
4,1.541,9.8,6.414,8.226,0.796,7.879,5.571,0.95,83.155,0.663,0.323,0.554,0.046,0.046,0.862,0.81,13.762,2.623
4,1.446,14.431,7.097,8.654,0.514,13.933,9.852,0.899,52.861,0.628,0.288,0.515,0.093,0.093,0.656,0.677,60.902,5.518
4,1.445,12.459,6.317,6.905,0.442,12.188,8.618,0.877,41.459,0.586,0.337,0.364,0.108,0.108,0.591,0.6,54.0,5.196
4,1.259,8.591,2.62,4.433,0.614,8.438,5.966,0.907,46.29,0.577,0.413,0.385,0.064,0.064,0.679,0.644,18.689,3.057
4,1.37,10.952,4.842,6.389,0.613,9.297,6.574,0.91,50.05,0.635,0.363,0.5,0.062,0.062,0.664,0.604,19.321,3.108
4,1.358,8.833,3.885,7.117,0.726,7.479,5.288,0.931,59.032,0.708,0.293,0.56,0.027,0.027,0.76,0.773,13.136,2.563
4,1.315,6.5,2.458,4.19,0.748,8.948,6.327,0.942,75.29,0.664,0.284,0.537,0.042,0.042,0.8,0.593,9.481,2.177
4,1.376,9.526,4.358,7.821,0.652,8.771,6.202,0.918,53.2,0.652,0.339,0.517,0.068,0.068,0.703,0.725,21.025,3.242
5,1.525,12.063,7.11,9.675,0.601,14.462,10.226,0.92,67.272,0.63,0.258,0.559,0.052,0.052,0.775,0.755,53.628,5.178
5,1.627,13.909,9.038,10.446,0.719,8.893,6.288,0.934,66.962,0.614,0.255,0.67,0.021,0.021,0.872,0.958,22.042,3.32
4,1.236,8.485,2.301,4.745,0.604,10.1,7.142,0.91,52.122,0.657,0.266,0.505,0.114,0.114,0.663,0.714,25.0,3.536
4,1.336,19.333,7.717,9.655,0.716,7.706,5.449,0.93,58.331,0.578,0.269,0.567,0.075,0.075,0.851,0.778,10.889,2.333
4,1.207,7.25,1.479,3.88,0.609,8.036,5.682,0.904,43.88,0.667,0.345,0.422,0.06,0.06,0.741,0.55,12.1,2.46
4,1.286,7.978,2.698,5.881,0.501,9.605,6.792,0.883,39.39,0.632,0.341,0.457,0.082,0.082,0.599,0.646,32.924,4.057
4,1.52,13.467,7.596,9.138,0.635,15.64,11.059,0.929,78.127,0.64,0.186,0.675,0.028,0.028,0.812,0.833,50.0,5.0
4,1.435,10.303,5.365,6.962,0.535,9.87,6.979,0.893,43.335,0.644,0.274,0.525,0.046,0.046,0.607,0.583,20.417,3.195
4,1.391,5.75,3.07,4.981,0.679,9.215,6.516,0.926,60.298,0.69,0.252,0.598,0.047,0.047,0.748,0.594,11.281,2.375
4,1.324,6.179,2.439,5.148,0.705,9.275,6.559,0.932,66.077,0.642,0.36,0.486,0.045,0.045,0.775,0.65,16.9,2.907
4,1.331,11.471,4.587,7.373,0.567,11.191,7.913,0.905,51.305,0.597,0.313,0.532,0.052,0.052,0.695,0.753,41.438,4.552
4,1.385,16.875,7.336,8.155,0.748,8.693,6.147,0.941,73.407,0.711,0.26,0.563,0.063,0.063,0.802,0.84,17.64,2.97
4,1.386,11.436,5.221,6.634,0.538,11.364,8.036,0.898,48.472,0.643,0.345,0.453,0.077,0.077,0.652,0.606,36.364,4.264
5,1.556,13.526,8.051,10.824,0.514,8.234,5.822,0.88,35.784,0.685,0.364,0.477,0.068,0.068,0.551,0.516,17.016,2.917
4,1.36,14.027,5.932,7.022,0.555,12.642,8.939,0.906,54.452,0.601,0.346,0.474,0.054,0.054,0.712,0.648,45.37,4.763
4,1.313,13.091,5.003,6.623,0.736,8.833,6.246,0.938,70.984,0.618,0.292,0.539,0.022,0.022,0.843,0.885,20.346,3.19
4,1.328,5.806,2.342,3.902,0.55,7.379,5.218,0.885,35.319,0.622,0.313,0.527,0.08,0.08,0.634,0.629,13.829,2.63
4,1.421,15.538,7.235,9.035,0.611,12.289,8.689,0.918,61.69,0.629,0.28,0.579,0.059,0.059,0.752,0.803,45.761,4.783
4,1.402,8.488,4.267,5.759,0.555,10.346,7.316,0.899,46.981,0.658,0.284,0.585,0.013,0.013,0.629,0.615,24.615,3.508
4,1.313,14.333,5.489,6.113,0.558,10.98,7.764,0.902,49.548,0.605,0.329,0.474,0.073,0.073,0.675,0.688,36.481,4.271
4,1.396,17.111,7.557,8.957,0.545,9.573,6.769,0.894,43.315,0.659,0.315,0.404,0.108,0.108,0.606,0.547,19.141,3.094
4,1.349,19.474,7.919,7.307,0.505,13.749,9.722,0.897,51.432,0.622,0.228,0.554,0.096,0.096,0.646,0.724,55.01,5.244
4,1.31,5.267,1.923,4.431,0.696,8.751,6.188,0.928,61.015,0.646,0.304,0.539,0.059,0.059,0.804,0.774,18.581,3.048
4,1.21,4.073,0.272,1.224,0.599,7.738,5.472,0.9,41.355,0.659,0.336,0.482,0.082,0.082,0.691,0.486,8.757,2.092
4,1.431,13.872,6.702,8.966,0.597,13.887,9.819,0.918,64.722,0.621,0.292,0.515,0.045,0.045,0.753,0.745,54.378,5.214
4,1.425,12.944,6.272,7.179,0.579,8.844,6.254,0.9,44.088,0.614,0.28,0.545,0.035,0.035,0.699,0.65,16.9,2.907
4,1.368,10.417,4.615,6.892,0.557,10.793,7.632,0.901,48.821,0.629,0.326,0.475,0.076,0.076,0.682,0.675,35.117,4.19
4,1.366,9.55,4.259,6.78,0.634,8.755,6.191,0.913,50.384,0.665,0.252,0.638,0.039,0.039,0.717,0.781,19.531,3.125
4,1.471,13.867,7.178,9.456,0.673,9.707,6.864,0.926,61.682,0.615,0.195,0.625,0.07,0.07,0.797,0.88,19.36,3.111
4,1.442,13.159,6.559,7.682,0.563,13.548,9.58,0.91,58.301,0.648,0.291,0.493,0.064,0.064,0.693,0.716,55.817,5.283
4,1.388,14.167,6.316,7.45,0.906,8.352,5.906,0.978,190.89,0.671,0.281,0.491,0.105,0.105,0.947,1.0,16.0,2.828
4,1.302,15.6,5.86,7.157,0.494,16.311,11.534,0.899,56.031,0.623,0.297,0.501,0.091,0.091,0.638,0.589,70.104,5.92
5,1.516,11.25,6.681,9.593,0.671,10.067,7.118,0.926,63.119,0.64,0.278,0.569,0.042,0.042,0.813,0.725,21.025,3.242
5,1.485,11.0,6.221,9.443,0.545,9.909,7.006,0.895,44.49,0.633,0.292,0.55,0.057,0.057,0.622,0.721,31.738,3.984
4,1.494,9.667,5.812,8.268,0.661,8.718,6.165,0.92,54.366,0.672,0.299,0.573,0.034,0.034,0.752,0.771,20.829,3.227
4,1.208,12.0,3.348,6.378,0.958,4.695,3.32,0.987,231.001,0.625,0.267,0.667,0.0,0.0,0.933,1.0,4.0,1.414
4,1.408,14.563,6.701,9.109,0.687,10.482,7.412,0.931,68.528,0.614,0.245,0.608,0.063,0.063,0.839,0.886,27.457,3.705
4,1.488,7.813,5.015,6.615,0.728,8.139,5.755,0.934,64.097,0.656,0.305,0.5,0.024,0.024,0.78,0.64,10.24,2.263
4,1.468,12.568,6.638,8.352,0.523,12.29,8.69,0.897,49.479,0.613,0.283,0.555,0.074,0.074,0.649,0.719,49.594,4.98
4,1.288,9.37,3.259,5.601,0.469,9.73,6.88,0.875,37.182,0.682,0.296,0.544,0.044,0.044,0.524,0.54,25.391,3.563
4,1.374,7.808,3.673,6.385,0.719,10.247,7.246,0.938,75.353,0.665,0.341,0.526,0.067,0.067,0.8,0.783,28.174,3.753
4,1.44,7.053,4.156,5.654,0.664,7.688,5.437,0.916,49.237,0.627,0.286,0.631,0.036,0.036,0.714,0.625,9.375,2.165
4,1.32,9.375,3.642,4.33,0.8,6.928,4.899,0.948,75.125,0.627,0.255,0.574,0.064,0.064,0.872,0.75,6.75,1.837
4,1.401,9.621,4.699,7.743,0.602,10.058,7.112,0.91,51.76,0.613,0.345,0.485,0.058,0.058,0.661,0.746,32.814,4.051
5,1.527,9.167,6.007,9.209,0.673,8.641,6.11,0.922,55.951,0.709,0.308,0.513,0.043,0.043,0.718,0.75,20.25,3.182
4,1.389,7.714,3.807,6.568,0.633,10.407,7.359,0.918,57.879,0.648,0.343,0.526,0.063,0.063,0.703,0.667,26.667,3.651
5,1.521,10.636,6.51,9.365,0.803,8.69,6.145,0.954,94.306,0.675,0.228,0.557,0.076,0.076,0.873,0.833,12.5,2.5
4,1.374,15.545,6.689,7.553,0.737,9.635,6.813,0.941,76.591,0.649,0.279,0.55,0.072,0.072,0.811,0.839,21.806,3.302
4,1.258,15.5,5.3,6.39,0.57,9.519,6.731,0.9,45.693,0.595,0.422,0.416,0.066,0.066,0.711,0.729,37.157,4.31
4,1.574,13.462,8.237,9.821,0.554,10.37,7.333,0.899,47.028,0.631,0.281,0.557,0.063,0.063,0.643,0.823,41.952,4.58
4,1.259,8.095,2.421,4.505,0.624,8.13,5.749,0.908,46.041,0.618,0.267,0.505,0.019,0.019,0.714,0.571,9.143,2.138
4,1.277,6.889,2.17,4.905,0.555,9.769,6.908,0.897,44.98,0.648,0.348,0.512,0.025,0.025,0.647,0.514,18.514,3.043
4,1.386,13.283,5.948,7.634,0.588,14.524,10.27,0.917,65.091,0.661,0.349,0.517,0.062,0.062,0.705,0.716,72.348,6.014
4,1.444,12.438,6.298,8.374,0.554,13.547,9.579,0.908,57.078,0.623,0.269,0.532,0.099,0.099,0.71,0.75,56.25,5.303
4,1.222,18.0,5.852,7.666,0.944,4.007,2.833,0.98,140.436,0.667,0.167,0.583,0.083,0.083,0.917,0.5,0.5,0.5
4,1.482,11.36,6.333,8.433,0.599,10.088,7.133,0.909,51.398,0.623,0.305,0.508,0.102,0.102,0.695,0.63,21.407,3.272
4,1.543,11.103,6.953,8.776,0.615,11.034,7.802,0.916,57.509,0.63,0.33,0.473,0.054,0.054,0.773,0.806,43.522,4.665
4,1.413,10.382,5.136,7.441,0.518,12.387,8.759,0.896,49.283,0.639,0.299,0.537,0.055,0.055,0.619,0.56,34.138,4.131
4,1.442,20.385,9.37,9.153,0.645,10.504,7.428,0.921,60.349,0.657,0.247,0.506,0.092,0.092,0.764,0.721,22.349,3.343
4,1.421,14.25,6.736,9.925,0.833,8.898,6.292,0.962,113.743,0.684,0.269,0.615,0.038,0.038,0.885,0.952,19.048,3.086
4,1.308,10.563,3.96,6.491,0.692,9.0,6.364,0.928,61.672,0.645,0.358,0.477,0.101,0.101,0.798,0.769,23.077,3.397
4,1.426,20.143,9.087,10.591,0.688,8.169,5.776,0.924,55.95,0.624,0.295,0.602,0.045,0.045,0.852,0.962,24.038,3.467
4,1.368,12.667,5.497,7.55,0.521,12.009,8.492,0.896,48.465,0.617,0.235,0.567,0.064,0.064,0.662,0.662,33.779,4.11
4,1.313,5.927,2.212,3.914,0.551,8.596,6.078,0.892,40.302,0.613,0.315,0.564,0.034,0.034,0.631,0.468,10.298,2.269
5,1.563,13.474,8.102,10.928,0.508,8.125,5.745,0.878,34.964,0.684,0.366,0.48,0.069,0.069,0.543,0.516,17.016,2.917
4,1.307,8.529,3.153,6.171,0.578,14.12,9.984,0.914,62.27,0.66,0.312,0.543,0.069,0.069,0.66,0.569,39.837,4.463
4,1.516,15.174,8.214,9.846,0.622,11.616,8.214,0.919,60.911,0.648,0.265,0.54,0.119,0.119,0.735,0.783,36.817,4.29
4,1.449,10.394,5.562,6.454,0.621,11.501,8.132,0.918,60.33,0.618,0.368,0.448,0.057,0.057,0.788,0.692,37.385,4.323
4,1.178,7.115,1.09,2.571,0.6,8.161,5.771,0.902,43.419,0.638,0.305,0.415,0.119,0.119,0.686,0.472,8.028,2.003
4,1.283,9.081,3.088,4.689,0.512,9.383,6.635,0.885,39.57,0.61,0.361,0.541,0.029,0.029,0.624,0.662,32.446,4.028
4,1.252,7.056,1.935,4.785,0.709,7.986,5.647,0.929,58.797,0.677,0.326,0.477,0.116,0.116,0.791,0.857,20.571,3.207
4,1.222,10.211,2.808,5.289,0.68,9.477,6.701,0.927,61.918,0.593,0.278,0.617,0.052,0.052,0.783,0.719,16.531,2.875
4,1.325,12.6,4.964,6.385,0.738,8.285,5.858,0.937,67.651,0.627,0.266,0.57,0.013,0.013,0.861,0.952,19.048,3.086
4,1.309,11.0,4.147,7.177,0.745,7.818,5.528,0.938,66.105,0.664,0.274,0.521,0.068,0.068,0.877,0.9,16.2,2.846
4,1.302,19.333,7.31,9.463,0.741,7.985,5.646,0.937,66.305,0.578,0.239,0.627,0.06,0.06,0.851,0.875,12.25,2.475
4,1.433,18.087,8.37,9.846,0.603,12.306,8.702,0.916,60.429,0.649,0.3,0.511,0.063,0.063,0.73,0.741,44.444,4.714
4,1.463,10.8,5.885,8.171,0.75,7.794,5.511,0.939,67.127,0.648,0.314,0.543,0.014,0.014,0.843,0.864,16.409,2.864
5,1.589,10.556,7.282,11.41,0.716,6.977,4.933,0.927,53.247,0.716,0.279,0.529,0.0,0.0,0.735,0.789,11.842,2.433
4,1.252,6.043,1.538,3.75,0.554,6.531,4.618,0.88,31.945,0.554,0.416,0.481,0.026,0.026,0.688,0.563,10.125,2.25
4,1.318,15.455,5.986,7.723,0.676,8.82,6.237,0.924,57.601,0.647,0.345,0.5,0.1,0.1,0.782,0.763,22.132,3.327
4,1.488,8.65,5.347,7.404,0.65,12.096,8.553,0.926,68.165,0.673,0.288,0.511,0.086,0.086,0.734,0.761,38.821,4.406
4,1.248,12.556,4.031,6.434,0.637,9.579,6.773,0.917,54.799,0.602,0.228,0.669,0.051,0.051,0.735,0.774,18.581,3.048
4,1.377,12.711,5.613,7.403,0.505,11.102,7.851,0.89,44.254,0.642,0.29,0.558,0.032,0.032,0.603,0.722,46.944,4.845
5,1.512,13.667,7.584,12.384,0.854,5.466,3.865,0.957,79.89,0.683,0.143,0.75,0.0,0.0,0.929,1.0,4.0,1.414
4,1.336,22.9,9.109,8.346,0.572,8.657,6.121,0.897,42.554,0.576,0.273,0.629,0.008,0.008,0.78,0.861,26.694,3.653
4,1.395,12.176,5.623,7.967,0.551,18.326,12.958,0.915,68.916,0.634,0.298,0.506,0.071,0.071,0.738,0.636,84.636,6.505
4,1.407,13.111,6.123,7.904,0.746,8.101,5.728,0.939,68.337,0.619,0.301,0.562,0.055,0.055,0.849,0.864,16.409,2.864
5,1.667,9.8,7.899,10.674,0.599,7.258,5.132,0.897,39.07,0.776,0.202,0.632,0.026,0.026,0.623,0.652,9.783,2.212
4,1.412,10.2,5.047,9.034,0.735,7.426,5.251,0.934,60.623,0.647,0.348,0.5,0.015,0.015,0.833,1.0,23.0,3.391
5,1.58,10.077,6.986,10.44,0.802,9.174,6.487,0.955,97.901,0.664,0.23,0.517,0.057,0.057,0.885,0.95,18.05,3.004
4,1.267,9.357,3.012,5.891,0.66,10.688,7.558,0.925,63.983,0.676,0.305,0.469,0.062,0.062,0.78,0.741,29.63,3.849
4,1.261,12.267,4.072,4.668,0.671,12.876,9.105,0.933,76.132,0.649,0.301,0.477,0.1,0.1,0.803,0.778,43.556,4.667
4,1.176,7.1,1.056,2.508,0.683,8.14,5.756,0.923,54.912,0.599,0.294,0.553,0.047,0.047,0.824,0.88,19.36,3.111
4,1.452,9.357,5.196,8.33,0.538,12.319,8.711,0.901,51.375,0.658,0.33,0.528,0.046,0.046,0.641,0.605,41.763,4.57
4,1.375,13.818,6.024,8.489,0.783,9.652,6.825,0.951,93.317,0.664,0.307,0.564,0.04,0.04,0.891,0.935,27.129,3.683
4,1.393,28.0,11.766,10.485,0.686,8.113,5.737,0.924,55.218,0.607,0.235,0.612,0.071,0.071,0.788,0.9,16.2,2.846
4,1.36,15.111,6.355,7.146,0.713,8.318,5.881,0.931,61.927,0.647,0.295,0.568,0.023,0.023,0.852,0.923,22.154,3.328
5,1.464,12.421,6.529,10.083,0.517,11.231,7.942,0.893,45.799,0.638,0.326,0.512,0.063,0.063,0.635,0.643,40.5,4.5
4,1.284,8.385,2.836,4.73,0.761,7.95,5.621,0.942,71.654,0.67,0.356,0.507,0.055,0.055,0.795,0.731,13.885,2.635
4,1.401,10.487,5.032,6.794,0.587,11.867,8.391,0.911,56.347,0.623,0.384,0.4,0.125,0.125,0.788,0.745,54.378,5.214
4,1.425,11.5,5.711,8.061,0.565,14.085,9.96,0.911,60.204,0.623,0.271,0.55,0.057,0.057,0.708,0.657,45.343,4.761
4,1.363,13.5,5.758,6.849,0.711,8.262,5.842,0.93,61.108,0.622,0.25,0.571,0.024,0.024,0.845,0.857,15.429,2.777
4,1.379,7.357,3.547,5.341,0.646,9.267,6.552,0.918,54.661,0.626,0.271,0.419,0.116,0.116,0.76,0.714,17.857,2.988
4,1.355,9.174,3.982,6.784,0.564,11.586,8.192,0.905,52.286,0.687,0.31,0.497,0.066,0.066,0.666,0.733,48.4,4.919
4,1.356,8.394,3.681,6.411,0.537,13.108,9.269,0.903,53.501,0.641,0.291,0.55,0.063,0.063,0.647,0.676,50.676,5.034
4,1.401,11.095,5.272,7.648,0.627,13.527,9.565,0.924,68.942,0.693,0.316,0.536,0.056,0.056,0.715,0.775,61.186,5.531
4,1.273,13.833,4.827,5.59,0.47,10.486,7.415,0.878,39.403,0.604,0.392,0.452,0.1,0.1,0.588,0.568,38.042,4.361
4,1.426,8.0,4.358,5.927,0.676,8.97,6.343,0.924,58.361,0.693,0.328,0.5,0.098,0.098,0.721,0.725,21.025,3.242
4,1.38,10.083,4.628,6.582,0.793,8.727,6.171,0.952,90.015,0.612,0.338,0.514,0.027,0.027,0.905,0.92,21.16,3.253
4,1.436,10.577,5.484,8.835,0.647,10.734,7.59,0.923,61.728,0.662,0.346,0.522,0.071,0.071,0.709,0.714,32.143,4.009
4,1.453,10.636,5.703,8.602,0.752,8.136,5.753,0.94,70.379,0.684,0.313,0.525,0.063,0.063,0.775,0.68,11.56,2.404
4,1.396,12.827,5.887,7.566,0.405,15.228,10.768,0.875,44.646,0.622,0.254,0.553,0.06,0.06,0.546,0.583,75.785,6.156
4,1.338,10.438,4.273,7.326,0.623,11.381,8.048,0.919,60.154,0.629,0.333,0.552,0.029,0.029,0.733,0.686,32.914,4.057
4,1.392,9.829,4.674,7.531,0.622,11.538,8.159,0.919,60.661,0.674,0.31,0.552,0.056,0.056,0.741,0.653,30.681,3.917
4,1.446,11.65,6.02,8.697,0.644,9.827,6.949,0.919,57.008,0.648,0.232,0.563,0.033,0.033,0.762,0.8,22.4,3.347
4,1.308,11.9,4.487,6.127,0.521,9.844,6.961,0.889,41.885,0.644,0.322,0.443,0.1,0.1,0.609,0.541,21.622,3.288
4,1.333,15.4,6.149,7.134,0.641,9.738,6.886,0.918,56.091,0.619,0.357,0.476,0.084,0.084,0.734,0.765,29.824,3.862
4,1.374,11.35,5.055,7.403,0.617,9.292,6.571,0.911,50.526,0.67,0.237,0.671,0.026,0.026,0.704,0.806,23.361,3.418
4,1.443,11.452,5.902,6.986,0.572,12.539,8.866,0.909,56.427,0.613,0.376,0.427,0.075,0.075,0.732,0.631,44.144,4.698
4,1.412,10.51,5.174,7.088,0.527,16.748,11.843,0.907,61.55,0.605,0.33,0.498,0.089,0.089,0.723,0.622,77.736,6.234
4,1.352,8.8,3.799,5.439,0.636,5.97,4.221,0.899,35.85,0.557,0.327,0.449,0.0,0.0,0.755,0.75,9.0,2.121
4,1.289,22.8,8.518,8.305,0.684,7.305,5.166,0.92,50.017,0.623,0.282,0.606,0.042,0.042,0.775,0.85,14.45,2.688
4,1.487,12.655,6.893,8.839,0.56,14.783,10.453,0.912,61.455,0.648,0.31,0.51,0.067,0.067,0.69,0.686,65.829,5.737
4,1.317,7.341,2.818,4.183,0.534,13.813,9.767,0.904,55.139,0.608,0.36,0.453,0.084,0.084,0.682,0.589,50.658,5.033
4,1.298,14.722,5.469,6.11,0.649,10.566,7.471,0.923,61.302,0.604,0.313,0.575,0.037,0.037,0.781,0.68,23.12,3.4
4,1.463,11.745,6.252,8.716,0.557,14.164,10.015,0.91,59.255,0.67,0.249,0.566,0.076,0.076,0.684,0.657,46.676,4.831
4,1.419,9.429,4.834,7.101,0.616,8.67,6.131,0.908,47.659,0.626,0.323,0.492,0.056,0.056,0.694,0.7,19.6,3.13
4,1.157,6.068,0.433,2.729,0.625,10.22,7.227,0.916,55.82,0.644,0.355,0.459,0.047,0.047,0.727,0.689,28.918,3.803
4,1.211,5.781,0.952,2.486,0.643,8.749,6.187,0.915,51.764,0.638,0.347,0.492,0.085,0.085,0.729,0.732,21.951,3.313
5,1.485,10.795,6.138,9.384,0.563,11.551,8.168,0.905,52.038,0.644,0.292,0.469,0.144,0.144,0.668,0.709,39.696,4.455
4,1.474,10.732,5.991,8.116,0.572,14.032,9.922,0.913,61.14,0.654,0.318,0.491,0.076,0.076,0.687,0.688,59.168,5.439
4,1.386,8.25,3.978,6.222,0.595,11.337,8.017,0.912,55.658,0.658,0.335,0.481,0.075,0.075,0.715,0.725,42.05,4.585
5,1.559,10.65,6.956,9.818,0.624,9.113,6.444,0.912,50.782,0.7,0.295,0.557,0.034,0.034,0.678,0.75,24.75,3.518
4,1.34,9.703,4.004,7.06,0.588,11.136,7.874,0.91,53.893,0.666,0.251,0.552,0.033,0.033,0.661,0.717,30.817,3.925
4,1.315,8.111,3.091,4.629,0.767,6.554,4.635,0.938,61.12,0.685,0.36,0.48,0.12,0.12,0.82,0.833,12.5,2.5
4,1.261,6.455,1.802,2.956,0.634,7.553,5.341,0.908,44.402,0.634,0.411,0.4,0.133,0.133,0.744,0.568,11.919,2.441
4,1.52,13.556,7.629,9.139,0.636,15.71,11.108,0.929,78.535,0.639,0.182,0.679,0.028,0.028,0.815,0.845,50.704,5.035
4,1.354,12.0,5.069,6.611,0.764,9.167,6.482,0.946,82.034,0.639,0.261,0.543,0.098,0.098,0.859,0.875,18.375,3.031
4,1.374,9.406,4.296,6.898,0.492,12.522,8.854,0.89,46.797,0.627,0.344,0.499,0.054,0.054,0.619,0.65,59.15,5.438
4,1.42,11.153,5.514,7.745,0.573,17.636,12.47,0.919,71.16,0.67,0.291,0.507,0.068,0.068,0.718,0.622,71.486,5.979
4,1.412,13.6,6.373,8.036,0.743,8.661,6.124,0.939,71.586,0.64,0.241,0.483,0.092,0.092,0.885,0.952,19.048,3.086
4,1.401,12.783,5.931,7.127,0.558,9.565,6.763,0.897,44.557,0.626,0.277,0.571,0.038,0.038,0.62,0.725,26.843,3.664
4,1.448,14.0,6.957,9.068,0.567,12.189,8.619,0.908,54.664,0.634,0.229,0.621,0.031,0.031,0.724,0.731,35.836,4.233
4,1.4,12.907,5.964,7.565,0.512,12.055,8.524,0.894,47.629,0.627,0.345,0.48,0.057,0.057,0.626,0.558,37.408,4.325
4,1.381,18.0,7.725,8.108,0.786,8.82,6.236,0.95,87.556,0.627,0.266,0.582,0.051,0.051,0.873,1.0,21.0,3.24
4,1.409,19.583,8.668,10.517,0.613,9.394,6.642,0.91,50.43,0.638,0.24,0.6,0.053,0.053,0.733,0.806,23.361,3.418
4,1.272,10.917,3.68,4.845,0.478,9.483,6.706,0.877,37.187,0.593,0.369,0.348,0.112,0.112,0.614,0.523,23.547,3.431
4,1.385,14.282,6.328,7.63,0.389,15.901,11.244,0.873,44.43,0.616,0.243,0.573,0.065,0.065,0.543,0.524,68.644,5.858
4,1.47,9.171,5.338,7.43,0.589,10.549,7.459,0.908,51.871,0.617,0.288,0.606,0.066,0.066,0.667,0.702,28.07,3.746
4,1.363,12.042,5.193,6.166,0.588,10.0,7.071,0.906,49.708,0.585,0.396,0.373,0.077,0.077,0.698,0.642,27.597,3.715
4,1.217,6.421,1.277,2.779,0.586,9.155,6.473,0.903,46.095,0.631,0.396,0.5,0.052,0.052,0.708,0.639,24.934,3.531
4,1.519,15.485,8.368,9.632,0.577,13.05,9.228,0.912,58.868,0.595,0.247,0.655,0.033,0.033,0.73,0.733,40.333,4.491
4,1.406,9.333,4.644,7.583,0.647,9.688,6.851,0.92,56.949,0.652,0.24,0.555,0.048,0.048,0.753,0.771,20.829,3.227
4,1.384,8.282,3.97,6.263,0.588,10.572,7.475,0.908,51.884,0.659,0.338,0.502,0.066,0.066,0.7,0.625,28.125,3.75
4,1.469,12.308,6.541,9.486,0.813,10.277,7.267,0.959,114.106,0.669,0.178,0.645,0.037,0.037,0.907,0.895,15.211,2.758
4,1.493,13.162,7.158,8.889,0.501,11.057,7.818,0.888,43.726,0.645,0.306,0.519,0.08,0.08,0.627,0.646,40.042,4.474
4,1.379,9.026,4.203,6.429,0.612,11.339,8.018,0.916,58.276,0.638,0.388,0.384,0.119,0.119,0.781,0.729,45.224,4.755
4,1.504,13.3,7.341,7.819,0.722,8.324,5.886,0.933,63.906,0.624,0.373,0.434,0.096,0.096,0.843,0.774,18.581,3.048
4,1.343,8.375,3.527,6.4,0.761,6.231,4.406,0.935,56.655,0.582,0.333,0.641,0.026,0.026,0.821,0.923,11.077,2.353
4,1.297,10.895,3.965,5.636,0.553,11.255,7.958,0.902,49.862,0.64,0.332,0.494,0.083,0.083,0.672,0.705,43.682,4.673
4,1.392,9.636,4.588,7.949,0.608,8.86,6.265,0.907,47.542,0.698,0.291,0.507,0.061,0.061,0.669,0.721,22.349,3.343
4,1.389,9.0,4.309,6.021,0.833,3.536,2.5,0.937,40.223,0.5,0.222,0.667,0.111,0.111,1.0,1.0,2.0,1.0
5,1.514,7.542,5.214,8.792,0.724,9.737,6.885,0.938,73.516,0.669,0.298,0.579,0.05,0.05,0.826,0.75,20.25,3.182
4,1.376,11.5,5.129,7.048,0.562,10.087,7.132,0.9,46.913,0.637,0.346,0.463,0.063,0.063,0.629,0.676,32.451,4.028
5,1.538,11.478,7.033,10.684,0.549,12.621,8.924,0.904,53.649,0.678,0.296,0.525,0.047,0.047,0.668,0.632,42.349,4.602
5,1.446,9.308,5.106,9.15,0.81,8.909,6.3,0.956,99.714,0.711,0.326,0.5,0.047,0.047,0.884,0.821,18.893,3.074
4,1.316,7.031,2.676,5.286,0.604,9.067,6.411,0.907,47.938,0.658,0.351,0.486,0.047,0.047,0.676,0.596,18.481,3.04
4,1.303,15.2,5.709,6.188,0.636,9.603,6.79,0.917,54.722,0.588,0.351,0.552,0.045,0.045,0.754,0.66,20.447,3.197
4,1.308,9.844,3.683,5.373,0.587,10.424,7.371,0.907,51.205,0.622,0.337,0.536,0.041,0.041,0.719,0.621,25.47,3.569
4,1.47,17.684,8.656,8.55,0.61,11.184,7.908,0.915,57.345,0.628,0.289,0.45,0.128,0.128,0.749,0.77,36.213,4.255
4,1.442,20.385,9.37,9.153,0.645,10.504,7.428,0.921,60.349,0.657,0.247,0.506,0.092,0.092,0.764,0.721,22.349,3.343
4,1.353,9.308,4.001,5.815,0.579,11.022,7.794,0.907,52.242,0.667,0.355,0.483,0.07,0.07,0.653,0.64,35.174,4.194
4,1.39,12.806,5.812,8.369,0.625,12.447,8.801,0.921,64.607,0.622,0.316,0.502,0.073,0.073,0.777,0.833,54.167,5.204
4,1.348,13.2,5.47,8.251,0.705,8.095,5.724,0.928,58.665,0.659,0.241,0.586,0.08,0.08,0.782,0.857,15.429,2.777
4,1.306,11.88,4.459,6.114,0.579,9.98,7.057,0.904,48.508,0.63,0.417,0.401,0.096,0.096,0.679,0.654,33.346,4.083
4,1.492,15.917,8.225,8.809,0.654,9.045,6.396,0.919,54.988,0.613,0.282,0.581,0.077,0.077,0.761,1.0,33.0,4.062
4,1.332,11.452,4.598,6.151,0.561,10.562,7.468,0.901,48.408,0.676,0.329,0.529,0.075,0.075,0.662,0.722,41.127,4.535
4,1.323,11.286,4.42,7.076,0.722,9.069,6.413,0.936,68.725,0.696,0.3,0.582,0.027,0.027,0.827,0.879,25.485,3.57
4,1.301,19.222,7.253,7.399,0.688,9.047,6.397,0.927,61.042,0.665,0.235,0.617,0.035,0.035,0.774,0.889,21.333,3.266
4,1.51,7.286,5.067,7.709,0.745,7.525,5.321,0.936,63.741,0.686,0.314,0.471,0.086,0.086,0.814,0.773,13.136,2.563
4,1.356,14.6,6.107,7.55,0.712,8.607,6.086,0.932,63.589,0.63,0.359,0.511,0.087,0.087,0.815,0.788,20.485,3.2
4,1.413,10.56,5.2,7.099,0.614,9.97,7.05,0.912,53.002,0.663,0.371,0.446,0.04,0.04,0.686,0.662,28.446,3.771
4,1.226,5.542,1.033,2.269,0.602,6.937,4.905,0.896,37.776,0.632,0.417,0.417,0.048,0.048,0.643,0.543,10.314,2.271
4,1.432,12.0,5.985,8.788,0.682,7.833,5.539,0.922,52.869,0.644,0.318,0.471,0.047,0.047,0.8,1.0,27.0,3.674
3,1.208,15.154,4.576,4.368,0.629,8.835,6.247,0.912,50.192,0.584,0.4,0.417,0.078,0.078,0.774,0.761,26.63,3.649
4,1.418,11.738,5.715,7.934,0.574,15.36,10.861,0.916,65.257,0.663,0.301,0.533,0.078,0.078,0.695,0.678,65.797,5.736
4,1.394,13.2,6.006,6.856,0.659,7.572,5.354,0.915,47.84,0.583,0.312,0.494,0.039,0.039,0.792,0.833,16.667,2.887
4,1.323,10.198,3.998,6.599,0.481,16.543,11.698,0.897,54.985,0.661,0.276,0.577,0.06,0.06,0.588,0.523,59.116,5.437
4,1.373,14.946,6.435,7.657,0.57,13.395,9.472,0.911,58.801,0.633,0.243,0.549,0.074,0.074,0.7,0.753,48.188,4.909
5,1.4,5.0,2.88,7.296,1.0,2.236,1.581,1.0,25902.904,1.0,0.4,0.6,0.0,0.0,1.0,1.0,2.0,1.0
5,1.41,8.714,4.445,9.023,0.656,7.243,5.121,0.912,45.503,0.697,0.247,0.6,0.035,0.035,0.718,0.571,6.857,1.852
4,1.437,13.325,6.565,8.664,0.593,13.687,9.679,0.917,63.37,0.649,0.312,0.491,0.075,0.075,0.711,0.657,46.676,4.831
4,1.438,11.569,5.885,8.844,0.561,15.389,10.881,0.913,63.251,0.656,0.278,0.489,0.061,0.061,0.714,0.62,52.737,5.135
4,1.424,13.135,6.334,8.319,0.545,12.021,8.5,0.902,51.335,0.634,0.273,0.519,0.081,0.081,0.679,0.714,42.857,4.629
5,1.509,15.655,8.319,10.308,0.533,11.358,8.031,0.897,47.887,0.621,0.266,0.596,0.039,0.039,0.635,0.6,27.0,3.674
4,1.261,5.667,1.494,3.641,0.664,7.242,5.121,0.914,46.603,0.664,0.291,0.494,0.038,0.038,0.759,0.609,8.522,2.064
4,1.247,8.3,2.361,3.929,0.663,8.538,6.037,0.92,53.692,0.584,0.371,0.474,0.072,0.072,0.794,0.778,21.778,3.3
4,1.224,7.733,1.871,3.654,0.707,7.614,5.384,0.927,55.984,0.629,0.247,0.63,0.041,0.041,0.836,0.833,12.5,2.5
4,1.518,9.884,6.173,8.422,0.624,12.854,9.089,0.922,65.91,0.654,0.317,0.507,0.054,0.054,0.73,0.75,49.5,4.975
4,1.404,11.968,5.648,8.619,0.601,11.578,8.187,0.914,57.438,0.644,0.31,0.523,0.067,0.067,0.703,0.743,40.878,4.521
4,1.319,16.875,6.55,7.866,0.77,8.951,6.329,0.947,82.682,0.615,0.349,0.494,0.072,0.072,0.892,0.931,25.138,3.545
4,1.363,10.667,4.648,6.767,0.579,12.689,8.972,0.912,57.986,0.656,0.26,0.495,0.092,0.092,0.689,0.634,32.976,4.061
4,1.513,13.595,7.567,9.092,0.522,12.471,8.818,0.898,49.911,0.623,0.242,0.646,0.037,0.037,0.669,0.721,44.698,4.727
4,1.478,8.364,5.115,7.12,0.522,10.009,7.077,0.89,42.487,0.649,0.372,0.485,0.054,0.054,0.603,0.607,32.764,4.047
3,1.101,6.583,-0.028,1.741,0.608,5.4,3.819,0.886,30.078,0.684,0.389,0.352,0.13,0.13,0.593,0.476,4.762,1.543
4,1.366,7.75,3.556,6.365,0.684,14.256,10.081,0.938,85.467,0.657,0.253,0.611,0.046,0.046,0.828,0.764,42.014,4.583
4,1.321,8.154,3.175,6.154,0.84,8.644,6.113,0.963,115.261,0.67,0.296,0.577,0.056,0.056,0.901,0.857,15.429,2.777
4,1.377,14.63,6.367,9.144,0.613,12.176,8.61,0.918,61.493,0.646,0.357,0.518,0.039,0.039,0.71,0.681,42.242,4.596
4,1.235,6.286,1.433,3.206,0.689,7.921,5.601,0.924,54.707,0.652,0.349,0.5,0.023,0.023,0.814,0.8,19.2,3.098
5,1.513,12.839,7.265,10.369,0.553,11.028,7.798,0.901,49.072,0.623,0.306,0.556,0.044,0.044,0.653,0.789,47.368,4.867
4,1.444,11.836,6.065,8.322,0.519,13.247,9.367,0.899,51.731,0.637,0.287,0.554,0.039,0.039,0.627,0.605,43.563,4.667
4,1.301,7.469,2.678,5.067,0.546,11.938,8.441,0.902,51.172,0.638,0.308,0.521,0.072,0.072,0.643,0.681,43.574,4.668
4,1.45,9.091,5.065,7.756,0.7,9.899,7.0,0.933,68.465,0.685,0.307,0.482,0.073,0.073,0.781,0.738,22.881,3.382
4,1.295,8.0,2.816,3.835,0.653,8.668,6.13,0.918,52.906,0.591,0.317,0.49,0.058,0.058,0.798,0.697,16.03,2.831
4,1.356,10.1,4.355,6.628,0.723,7.264,5.136,0.93,56.699,0.723,0.205,0.658,0.0,0.0,0.822,0.6,5.4,1.643
4,1.304,8.625,3.165,6.355,0.571,10.606,7.5,0.904,49.813,0.675,0.296,0.575,0.03,0.03,0.631,0.739,37.696,4.341
4,1.436,12.326,6.16,8.277,0.525,12.076,8.539,0.897,49.081,0.64,0.313,0.525,0.065,0.065,0.646,0.651,44.915,4.739
5,1.532,8.556,5.83,9.003,0.831,7.293,5.157,0.957,93.533,0.701,0.296,0.537,0.019,0.019,0.889,0.875,12.25,2.475
4,1.451,11.6,6.058,8.121,0.626,11.686,8.263,0.92,61.989,0.635,0.344,0.484,0.063,0.063,0.778,0.724,39.803,4.461
4,1.376,11.486,5.122,7.385,0.575,11.521,8.147,0.908,53.462,0.609,0.29,0.559,0.045,0.045,0.722,0.732,38.085,4.364
4,1.415,11.14,5.457,6.763,0.593,12.976,9.176,0.915,61.047,0.647,0.31,0.484,0.065,0.065,0.703,0.708,48.167,4.907
4,1.445,11.522,5.958,7.773,0.534,12.293,8.692,0.9,50.796,0.634,0.283,0.539,0.077,0.077,0.67,0.632,37.895,4.353
4,1.375,11.429,5.092,7.731,0.769,9.724,6.876,0.948,88.053,0.637,0.373,0.422,0.088,0.088,0.853,0.868,28.658,3.785
4,1.379,12.429,5.533,7.217,0.69,9.097,6.433,0.928,61.685,0.678,0.339,0.415,0.068,0.068,0.746,0.875,30.625,3.913
4,1.224,7.0,1.589,4.189,0.721,8.743,6.182,0.934,66.508,0.667,0.316,0.52,0.071,0.071,0.704,0.677,14.226,2.667
4,1.366,12.1,5.244,7.025,0.612,13.455,9.514,0.92,65.85,0.572,0.365,0.48,0.083,0.083,0.809,0.782,61.792,5.558
4,1.363,10.298,4.508,6.136,0.557,13.497,9.544,0.908,57.299,0.654,0.292,0.539,0.078,0.078,0.667,0.652,47.58,4.878
4,1.413,11.292,5.491,8.109,0.565,13.144,9.294,0.909,57.304,0.675,0.342,0.475,0.09,0.09,0.658,0.56,39.2,4.427
4,1.392,12.317,5.64,8.095,0.547,12.282,8.685,0.903,52.286,0.646,0.298,0.534,0.043,0.043,0.663,0.619,37.113,4.308
4,1.483,13.963,7.352,9.551,0.511,14.021,9.914,0.899,52.728,0.627,0.273,0.55,0.042,0.042,0.647,0.674,58.674,5.416
4,1.343,12.949,5.302,6.985,0.606,13.617,9.629,0.92,65.392,0.626,0.25,0.557,0.079,0.079,0.728,0.734,42.582,4.614
4,1.358,10.538,4.54,5.585,0.628,7.347,5.195,0.905,42.611,0.613,0.345,0.488,0.012,0.012,0.762,0.69,13.793,2.626
4,1.462,7.58,4.615,7.076,0.683,13.304,9.407,0.936,81.108,0.686,0.208,0.658,0.046,0.046,0.815,0.704,26.741,3.657
4,1.192,8.045,1.614,4.007,0.605,8.043,5.687,0.903,43.383,0.644,0.351,0.5,0.044,0.044,0.702,0.425,7.225,1.901
4,1.274,7.292,2.29,4.98,0.646,8.542,6.04,0.915,51.093,0.629,0.391,0.455,0.055,0.055,0.736,0.767,25.326,3.558
4,1.545,12.0,7.319,8.203,0.699,8.727,6.171,0.929,61.39,0.622,0.278,0.567,0.031,0.031,0.773,0.889,21.333,3.266
4,1.394,15.105,6.747,7.535,0.61,10.33,7.304,0.913,53.922,0.62,0.343,0.5,0.051,0.051,0.691,0.639,24.934,3.531
4,1.413,9.571,4.815,6.898,0.672,9.522,6.733,0.925,60.452,0.617,0.363,0.427,0.089,0.089,0.742,0.711,22.756,3.373
4,1.449,15.875,7.697,7.423,0.717,8.075,5.71,0.931,61.045,0.583,0.23,0.662,0.0,0.0,0.824,0.882,13.235,2.572
4,1.317,11.74,4.528,6.556,0.535,12.96,9.164,0.902,52.835,0.646,0.277,0.517,0.071,0.071,0.657,0.733,56.467,5.314
5,1.36,9.889,4.309,9.483,0.685,6.466,4.572,0.916,44.735,0.607,0.315,0.519,0.037,0.037,0.796,0.824,11.529,2.401
4,1.276,13.515,4.735,6.357,0.504,10.654,7.534,0.888,42.872,0.605,0.356,0.459,0.085,0.085,0.637,0.729,51.042,5.052
4,1.375,7.259,3.466,5.574,0.526,10.405,7.357,0.892,44.12,0.673,0.436,0.42,0.072,0.072,0.591,0.522,31.304,3.956
4,1.321,12.457,4.857,6.012,0.516,10.776,7.619,0.891,44.342,0.589,0.362,0.447,0.074,0.074,0.665,0.57,30.204,3.886
4,1.396,21.2,9.153,9.282,0.698,7.188,5.082,0.923,51.548,0.689,0.205,0.699,0.041,0.041,0.795,0.8,9.6,2.191
4,1.327,10.136,4.026,6.415,0.567,11.98,8.471,0.907,54.007,0.617,0.313,0.498,0.084,0.084,0.702,0.663,37.779,4.346
4,1.439,11.389,5.832,8.194,0.573,11.606,8.207,0.907,53.555,0.656,0.245,0.565,0.045,0.045,0.699,0.636,26.727,3.656
4,1.341,6.429,2.738,3.61,0.667,7.746,5.477,0.917,49.938,0.593,0.35,0.537,0.037,0.037,0.713,0.643,11.571,2.405
4,1.401,12.783,5.931,7.127,0.558,9.565,6.763,0.897,44.557,0.626,0.277,0.571,0.038,0.038,0.62,0.725,26.843,3.664
4,1.349,13.0,5.4,6.818,0.686,8.923,6.31,0.927,60.048,0.604,0.294,0.578,0.049,0.049,0.824,0.9,24.3,3.486
4,1.374,11.9,5.264,6.799,0.517,13.809,9.765,0.9,52.929,0.644,0.291,0.539,0.072,0.072,0.633,0.627,52.657,5.131
4,1.396,9.579,4.614,6.833,0.659,8.895,6.29,0.92,55.028,0.632,0.296,0.591,0.026,0.026,0.748,0.824,23.059,3.395
4,1.32,12.227,4.751,5.655,0.569,9.329,6.596,0.899,44.846,0.595,0.325,0.5,0.094,0.094,0.669,0.692,24.923,3.53
4,1.352,14.766,6.117,7.539,0.621,16.361,11.569,0.927,77.247,0.622,0.294,0.546,0.03,0.03,0.817,0.764,74.087,6.086
4,1.468,11.607,6.256,8.434,0.597,10.761,7.609,0.911,53.783,0.677,0.327,0.527,0.059,0.059,0.7,0.681,33.347,4.083
4,1.397,11.658,5.445,7.407,0.573,12.068,8.533,0.909,55.124,0.625,0.325,0.531,0.058,0.058,0.729,0.656,38.678,4.398
4,1.413,9.432,4.757,7.171,0.544,10.17,7.192,0.896,45.278,0.673,0.294,0.519,0.06,0.06,0.6,0.667,30.667,3.916
4,1.401,11.933,5.594,7.804,0.508,13.603,9.619,0.897,51.404,0.662,0.342,0.443,0.095,0.095,0.624,0.599,58.08,5.389
4,1.42,11.3,5.577,6.765,0.597,12.7,8.98,0.916,60.828,0.648,0.307,0.474,0.072,0.072,0.706,0.7,44.1,4.696
4,1.342,12.333,5.06,6.483,0.748,7.878,5.571,0.938,67.172,0.64,0.268,0.592,0.014,0.014,0.887,0.895,15.211,2.758
4,1.237,15.5,5.046,5.894,0.529,11.408,8.067,0.896,47.602,0.624,0.338,0.407,0.1,0.1,0.638,0.602,35.52,4.214
4,1.397,19.5,8.505,8.531,0.568,8.694,6.148,0.896,42.33,0.624,0.281,0.548,0.041,0.041,0.685,0.756,23.439,3.423
4,1.439,10.296,5.404,8.101,0.626,10.436,7.379,0.917,56.803,0.651,0.331,0.525,0.066,0.066,0.707,0.717,30.817,3.925
4,1.46,11.641,6.182,8.476,0.573,12.202,8.628,0.909,55.472,0.621,0.312,0.539,0.067,0.067,0.716,0.716,45.102,4.749
5,1.417,8.0,4.247,9.098,0.958,4.695,3.32,0.987,231.001,0.708,0.118,0.765,0.0,0.0,1.0,1.0,2.0,1.0
4,1.476,16.8,8.381,8.412,0.798,7.31,5.169,0.949,78.185,0.69,0.241,0.569,0.052,0.052,0.845,0.786,8.643,2.079
4,1.429,12.68,6.218,9.255,0.603,10.728,7.586,0.912,54.451,0.656,0.322,0.471,0.058,0.058,0.74,0.687,31.582,3.974
4,1.366,13.909,5.953,8.367,0.778,9.621,6.803,0.95,90.882,0.654,0.32,0.5,0.05,0.05,0.9,0.938,28.125,3.75
4,1.367,11.308,4.955,8.192,0.755,9.155,6.474,0.944,78.959,0.68,0.24,0.6,0.05,0.05,0.85,0.875,18.375,3.031
4,1.45,10.917,5.782,8.664,0.74,8.475,5.993,0.938,69.647,0.687,0.278,0.567,0.067,0.067,0.844,0.92,21.16,3.253
4,1.452,12.176,6.289,9.076,0.536,10.911,7.715,0.897,46.838,0.64,0.328,0.532,0.045,0.045,0.638,0.575,28.736,3.79
4,1.361,8.818,3.907,6.5,0.753,7.412,5.241,0.938,64.76,0.66,0.328,0.516,0.078,0.078,0.828,0.762,12.19,2.469
4,1.355,7.685,3.393,6.03,0.558,13.215,9.344,0.908,56.586,0.636,0.303,0.532,0.067,0.067,0.675,0.694,52.083,5.103
4,1.343,16.75,6.793,7.418,0.739,8.552,6.047,0.938,69.751,0.59,0.266,0.582,0.051,0.051,0.861,0.905,17.19,2.932
4,1.309,18.333,7.007,9.268,0.745,5.528,3.909,0.927,46.945,0.6,0.212,0.697,0.0,0.0,0.848,1.0,7.0,1.871
4,1.319,22.6,8.783,9.951,0.761,8.09,5.721,0.942,72.668,0.611,0.261,0.565,0.072,0.072,0.884,0.944,16.056,2.833
4,1.364,12.692,5.451,7.164,0.685,8.797,6.22,0.926,59.035,0.679,0.33,0.411,0.071,0.071,0.741,0.865,27.676,3.72
5,1.515,16.111,8.57,11.25,0.568,11.843,8.374,0.907,53.632,0.634,0.279,0.565,0.058,0.058,0.681,0.766,45.208,4.754
4,1.298,8.667,3.107,5.519,0.563,8.112,5.736,0.892,39.416,0.62,0.318,0.496,0.078,0.078,0.651,0.78,24.976,3.534
4,1.498,13.056,7.177,9.156,0.611,13.238,9.361,0.92,64.936,0.668,0.274,0.513,0.057,0.057,0.742,0.709,43.267,4.651
5,1.486,8.282,5.176,8.733,0.598,10.739,7.593,0.911,53.782,0.619,0.34,0.475,0.085,0.085,0.68,0.662,29.779,3.859
5,1.75,8.0,8.18,9.098,1.0,2.828,2.0,1.0,43240.771,0.875,0.286,0.571,0.143,0.143,1.0,1.0,2.0,1.0
4,1.468,14.286,7.298,9.275,0.57,11.4,8.061,0.906,52.44,0.675,0.307,0.537,0.067,0.067,0.678,0.651,35.133,4.191
4,1.468,10.091,5.673,9.066,0.82,8.637,6.108,0.958,102.42,0.721,0.313,0.512,0.063,0.063,0.9,0.84,17.64,2.97
4,1.338,12.238,4.972,6.877,0.506,15.82,11.187,0.901,56.449,0.611,0.318,0.49,0.075,0.075,0.676,0.626,74.532,6.105
4,1.438,11.2,5.741,7.913,0.759,8.032,5.679,0.942,71.551,0.661,0.27,0.541,0.095,0.095,0.865,0.85,14.45,2.688
4,1.435,11.6,5.871,9.332,0.716,10.898,7.706,0.939,78.066,0.634,0.347,0.531,0.034,0.034,0.816,0.804,32.961,4.06
4,1.403,15.083,6.852,9.151,0.685,9.217,6.517,0.927,61.434,0.58,0.276,0.6,0.029,0.029,0.838,0.897,23.31,3.414
4,1.291,7.8,2.681,4.967,0.624,6.749,4.772,0.901,39.024,0.65,0.421,0.368,0.066,0.066,0.684,0.531,9.031,2.125
4,1.36,15.111,6.355,7.146,0.713,8.318,5.881,0.931,61.927,0.647,0.295,0.568,0.023,0.023,0.852,0.923,22.154,3.328
4,1.288,5.073,1.592,2.724,0.596,8.598,6.08,0.903,44.92,0.635,0.348,0.538,0.008,0.008,0.652,0.609,17.043,2.919
4,1.375,11.429,5.092,7.731,0.769,9.724,6.876,0.948,88.053,0.637,0.373,0.422,0.088,0.088,0.853,0.868,28.658,3.785
4,1.482,9.5,5.604,8.961,0.604,13.168,9.312,0.918,63.572,0.636,0.295,0.497,0.06,0.06,0.735,0.685,41.809,4.572
4,1.234,6.613,1.552,2.942,0.576,8.241,5.828,0.896,41.207,0.639,0.382,0.458,0.084,0.084,0.656,0.58,16.82,2.9
4,1.422,9.28,4.814,6.577,0.647,9.848,6.964,0.92,57.57,0.647,0.253,0.433,0.093,0.093,0.753,0.658,16.447,2.868
4,1.381,12.969,5.76,8.016,0.59,12.027,8.504,0.913,57.424,0.655,0.32,0.529,0.048,0.048,0.724,0.69,41.379,4.549
4,1.237,7.08,1.771,4.514,0.599,7.967,5.634,0.901,42.417,0.61,0.287,0.648,0.0,0.0,0.685,0.677,14.226,2.667
5,1.5,15.143,8.016,10.672,0.774,7.965,5.632,0.945,75.643,0.66,0.271,0.529,0.086,0.086,0.871,0.947,17.053,2.92
4,1.358,14.722,6.182,7.521,0.619,10.074,7.124,0.914,54.2,0.562,0.356,0.477,0.067,0.067,0.779,0.698,25.83,3.594
3,1.205,6.636,1.223,1.601,0.692,8.359,5.911,0.926,57.802,0.582,0.388,0.424,0.118,0.118,0.8,0.727,17.455,2.954
4,1.379,7.909,3.77,5.375,0.621,8.187,5.789,0.908,45.966,0.615,0.327,0.561,0.028,0.028,0.664,0.743,19.314,3.108
4,1.418,7.0,3.877,6.049,0.755,7.475,5.286,0.939,65.948,0.673,0.303,0.455,0.091,0.091,0.803,0.85,14.45,2.688
5,1.478,15.0,7.698,10.168,0.637,10.468,7.402,0.919,58.76,0.63,0.306,0.582,0.041,0.041,0.765,0.827,35.558,4.216
4,1.426,7.457,4.141,5.853,0.545,10.097,7.14,0.896,45.11,0.671,0.283,0.539,0.052,0.052,0.6,0.662,28.446,3.771
4,1.453,13.214,6.705,8.518,0.482,13.124,9.28,0.89,47.396,0.63,0.283,0.554,0.058,0.058,0.594,0.545,39.273,4.431
3,1.158,6.333,0.543,0.084,0.572,7.057,4.99,0.889,35.744,0.539,0.463,0.402,0.061,0.061,0.793,0.763,22.132,3.327
4,1.466,11.718,6.28,8.121,0.503,10.759,7.608,0.888,43.071,0.641,0.294,0.498,0.058,0.058,0.59,0.686,40.477,4.499
4,1.326,14.583,5.741,7.105,0.709,9.374,6.628,0.933,67.445,0.634,0.342,0.486,0.108,0.108,0.82,0.789,23.684,3.441
4,1.408,10.143,4.985,7.877,0.53,9.978,7.056,0.892,43.136,0.648,0.343,0.53,0.039,0.039,0.617,0.557,24.506,3.5
3,1.188,5.893,0.725,1.362,0.576,7.396,5.23,0.892,37.564,0.655,0.287,0.481,0.065,0.065,0.593,0.548,9.323,2.159
4,1.245,8.094,2.255,5.712,0.506,10.477,7.408,0.888,42.466,0.697,0.361,0.498,0.064,0.064,0.555,0.426,19.593,3.13
4,1.468,9.511,5.436,6.953,0.537,11.352,8.027,0.898,48.298,0.611,0.33,0.436,0.077,0.077,0.689,0.633,36.1,4.249
4,1.414,12.459,5.958,7.182,0.584,12.529,8.859,0.912,58.106,0.625,0.302,0.49,0.073,0.073,0.712,0.609,32.287,4.018
4,1.434,13.031,6.414,8.45,0.578,11.802,8.345,0.909,54.867,0.657,0.285,0.471,0.113,0.113,0.708,0.705,38.782,4.404
4,1.41,12.2,5.804,7.631,0.656,8.871,6.273,0.919,54.314,0.634,0.267,0.629,0.017,0.017,0.741,0.806,20.161,3.175
5,1.535,11.386,6.96,10.025,0.536,13.66,9.659,0.904,54.953,0.656,0.308,0.54,0.04,0.04,0.657,0.641,53.863,5.19
5,1.599,11.172,7.633,10.415,0.552,9.944,7.032,0.897,45.35,0.657,0.296,0.559,0.052,0.052,0.648,0.683,29.349,3.831
4,1.419,14.308,6.738,9.221,0.667,9.092,6.429,0.922,57.305,0.581,0.287,0.583,0.037,0.037,0.806,0.839,21.806,3.302
4,1.441,12.371,6.24,8.625,0.582,12.11,8.563,0.911,56.483,0.642,0.248,0.579,0.054,0.054,0.734,0.71,34.797,4.171
4,1.141,5.313,-0.052,1.211,0.6,5.532,3.912,0.885,30.263,0.612,0.308,0.596,0.058,0.058,0.654,0.563,5.063,1.591
4,1.381,12.308,5.509,7.254,0.731,9.25,6.54,0.938,72.455,0.65,0.288,0.5,0.087,0.087,0.865,0.833,20.833,3.227
4,1.473,13.367,7.008,8.437,0.499,12.777,9.035,0.893,48.258,0.637,0.293,0.513,0.084,0.084,0.638,0.623,47.344,4.865
4,1.35,13.049,5.424,6.776,0.475,10.981,7.765,0.881,41.161,0.607,0.228,0.489,0.142,0.142,0.578,0.622,28.595,3.781
4,1.254,6.455,1.719,3.454,0.606,8.839,6.25,0.906,47.096,0.596,0.315,0.496,0.087,0.087,0.724,0.7,19.6,3.13
4,1.254,7.6,2.176,3.8,0.548,8.278,5.854,0.889,38.788,0.623,0.366,0.43,0.056,0.056,0.655,0.673,23.558,3.432
4,1.308,13.765,5.209,6.516,0.573,8.76,6.194,0.898,43.031,0.615,0.347,0.5,0.083,0.083,0.681,0.66,21.78,3.3
4,1.418,13.75,6.507,8.233,0.573,13.432,9.498,0.912,59.374,0.631,0.329,0.519,0.055,0.055,0.732,0.684,53.368,5.166
4,1.372,8.222,3.802,4.541,0.689,8.384,5.929,0.926,57.464,0.662,0.327,0.5,0.082,0.082,0.765,0.719,16.531,2.875
4,1.402,15.244,6.894,8.855,0.558,13.96,9.871,0.909,58.835,0.622,0.28,0.632,0.051,0.051,0.72,0.716,55.817,5.283
4,1.325,8.318,3.291,6.682,0.549,10.506,7.429,0.898,46.928,0.664,0.284,0.58,0.049,0.049,0.671,0.739,37.696,4.341
4,1.364,10.556,4.624,6.183,0.587,12.801,9.052,0.914,59.595,0.613,0.323,0.45,0.113,0.113,0.725,0.702,46.34,4.814
4,1.294,11.333,4.101,7.519,0.912,5.316,3.759,0.974,127.659,0.676,0.304,0.652,0.043,0.043,0.957,1.0,7.0,1.871
4,1.345,12.688,5.227,6.798,0.704,10.037,7.097,0.934,70.298,0.601,0.279,0.525,0.107,0.107,0.828,0.824,23.059,3.395
4,1.543,11.103,6.953,8.776,0.615,11.034,7.802,0.916,57.509,0.63,0.33,0.473,0.054,0.054,0.773,0.806,43.522,4.665
4,1.498,13.854,7.492,8.942,0.556,13.259,9.376,0.908,56.497,0.641,0.242,0.607,0.038,0.038,0.681,0.739,48.011,4.9
4,1.388,8.174,3.98,7.47,0.739,10.138,7.168,0.942,80.634,0.617,0.328,0.569,0.026,0.026,0.862,0.895,30.421,3.9
4,1.405,11.533,5.483,7.905,0.607,11.29,7.983,0.915,57.26,0.682,0.28,0.564,0.042,0.042,0.72,0.636,26.727,3.656
4,1.436,12.045,6.051,8.221,0.525,12.076,8.539,0.897,49.081,0.64,0.313,0.525,0.065,0.065,0.646,0.651,44.915,4.739
4,1.421,9.371,4.829,6.73,0.567,10.27,7.262,0.902,48.14,0.631,0.261,0.609,0.019,0.019,0.657,0.611,20.167,3.175
4,1.454,9.963,5.447,7.034,0.632,10.365,7.329,0.918,57.476,0.602,0.296,0.451,0.068,0.068,0.747,0.708,24.083,3.47
4,1.367,11.837,5.154,7.614,0.474,18.083,12.787,0.897,57.219,0.659,0.252,0.585,0.061,0.061,0.594,0.562,76.43,6.182
4,1.123,5.579,-0.167,1.846,0.708,7.285,5.151,0.926,53.882,0.651,0.362,0.449,0.058,0.058,0.725,0.76,14.44,2.687
4,1.358,10.381,4.481,7.38,0.665,9.821,6.944,0.924,60.741,0.647,0.234,0.582,0.128,0.128,0.745,0.758,18.939,3.077
4,1.447,11.714,6.055,7.441,0.622,9.755,6.898,0.914,53.286,0.618,0.329,0.441,0.086,0.086,0.711,0.68,23.12,3.4
4,1.448,11.353,5.926,8.611,0.578,11.35,8.026,0.908,53.288,0.645,0.233,0.614,0.036,0.036,0.719,0.672,26.224,3.621
4,1.532,12.111,7.212,8.786,0.771,8.046,5.689,0.944,75.354,0.642,0.314,0.543,0.029,0.029,0.829,0.864,16.409,2.864
4,1.391,8.704,4.224,6.372,0.57,8.741,6.181,0.897,42.704,0.647,0.355,0.493,0.059,0.059,0.671,0.648,22.685,3.368
5,1.514,9.667,6.05,9.727,0.609,11.364,8.036,0.915,57.894,0.626,0.344,0.482,0.078,0.078,0.693,0.707,37.453,4.327
4,1.333,12.205,4.903,7.347,0.551,12.773,9.032,0.905,54.362,0.631,0.224,0.637,0.053,0.053,0.67,0.697,36.961,4.299
4,1.314,12.938,4.961,6.766,0.618,8.897,6.291,0.91,48.976,0.618,0.273,0.57,0.063,0.063,0.727,0.829,24.029,3.466
4,1.427,11.8,5.852,8.419,0.624,10.713,7.575,0.917,57.613,0.647,0.393,0.435,0.089,0.089,0.733,0.573,24.653,3.511
4,1.41,10.474,5.127,7.409,0.523,10.426,7.372,0.892,43.903,0.648,0.298,0.469,0.078,0.078,0.616,0.623,29.922,3.868
4,1.35,16.615,6.815,7.18,0.537,11.162,7.893,0.898,47.72,0.604,0.364,0.475,0.069,0.069,0.663,0.568,30.695,3.918
4,1.383,13.875,6.139,7.679,0.568,11.959,8.457,0.907,53.981,0.622,0.301,0.529,0.062,0.062,0.71,0.723,43.373,4.657
4,1.196,7.667,1.509,3.478,0.658,8.92,6.308,0.92,54.873,0.647,0.403,0.395,0.059,0.059,0.765,0.625,18.75,3.062
4,1.437,14.784,7.131,8.7,0.554,12.955,9.161,0.906,55.266,0.64,0.343,0.486,0.071,0.071,0.691,0.642,49.408,4.97
4,1.335,8.622,3.526,5.374,0.515,10.153,7.18,0.889,42.361,0.647,0.315,0.594,0.028,0.028,0.586,0.633,31.646,3.978
4,1.376,21.3,8.949,9.662,0.577,8.428,5.959,0.898,42.172,0.582,0.371,0.532,0.048,0.048,0.702,0.761,26.63,3.649
4,1.36,14.185,5.994,6.968,0.606,11.855,8.383,0.916,59.18,0.59,0.354,0.451,0.058,0.058,0.735,0.637,32.513,4.032
4,1.41,14.31,6.625,8.674,0.588,11.977,8.469,0.912,56.898,0.66,0.292,0.54,0.036,0.036,0.701,0.65,33.8,4.111
4,1.194,7.567,1.448,2.829,0.586,8.828,6.242,0.901,44.735,0.604,0.445,0.38,0.117,0.117,0.642,0.541,17.852,2.988
4,1.313,15.32,5.882,5.984,0.171,14.523,10.269,0.801,28.7,0.585,0.368,0.393,0.121,0.121,0.259,0.201,62.481,5.589
4,1.366,9.704,4.318,5.77,0.63,10.194,7.208,0.917,56.381,0.653,0.333,0.55,0.035,0.035,0.713,0.719,29.491,3.84
5,1.512,7.235,5.076,8.417,0.683,7.574,5.356,0.921,51.478,0.667,0.415,0.463,0.024,0.024,0.756,0.735,18.382,3.032
4,1.368,19.5,8.152,10.248,0.744,8.043,5.687,0.938,67.319,0.607,0.282,0.563,0.056,0.056,0.887,0.9,16.2,2.846
4,1.355,11.806,5.007,7.308,0.56,11.545,8.163,0.904,51.647,0.574,0.275,0.52,0.098,0.098,0.701,0.701,32.97,4.06
4,1.42,11.153,5.514,7.745,0.573,17.636,12.47,0.919,71.16,0.67,0.291,0.507,0.068,0.068,0.718,0.622,71.486,5.979
4,1.164,5.3,0.207,1.988,0.623,7.851,5.552,0.907,44.567,0.667,0.396,0.406,0.038,0.038,0.689,0.69,20.024,3.164
4,1.441,12.7,6.366,8.451,0.756,8.519,6.024,0.942,74.447,0.661,0.274,0.512,0.107,0.107,0.869,0.87,17.391,2.949
4,1.461,12.432,6.495,7.485,0.525,12.271,8.677,0.898,49.661,0.642,0.268,0.504,0.077,0.077,0.655,0.628,37.032,4.303
4,1.42,10.556,5.28,7.982,0.622,17.158,12.132,0.929,79.993,0.62,0.225,0.633,0.036,0.036,0.792,0.821,71.406,5.975
4,1.327,10.136,4.026,6.415,0.567,11.98,8.471,0.907,54.007,0.617,0.313,0.498,0.084,0.084,0.702,0.663,37.779,4.346
4,1.338,12.238,4.972,6.877,0.506,15.82,11.187,0.901,56.449,0.611,0.318,0.49,0.075,0.075,0.676,0.626,74.532,6.105
5,1.503,19.75,9.85,10.954,0.598,10.632,7.518,0.911,53.456,0.661,0.268,0.603,0.024,0.024,0.689,0.696,27.161,3.685
5,1.471,12.462,6.624,9.923,0.537,13.671,9.667,0.904,55.089,0.657,0.305,0.477,0.063,0.063,0.667,0.669,58.223,5.396
4,1.253,13.167,4.332,5.596,0.557,9.901,7.001,0.898,45.679,0.604,0.34,0.471,0.073,0.073,0.67,0.631,25.862,3.596
4,1.453,13.048,6.639,9.078,0.628,10.391,7.347,0.917,56.905,0.642,0.29,0.506,0.091,0.091,0.727,0.686,24.02,3.466
5,1.5,15.143,8.016,10.672,0.774,7.965,5.632,0.945,75.643,0.66,0.271,0.529,0.086,0.086,0.871,0.947,17.053,2.92
4,1.412,12.263,5.854,8.345,0.622,9.499,6.717,0.913,52.219,0.674,0.236,0.643,0.045,0.045,0.701,0.784,22.73,3.371
4,1.521,9.649,6.121,8.235,0.543,10.268,7.26,0.896,45.501,0.655,0.372,0.487,0.051,0.051,0.628,0.667,38.667,4.397
4,1.329,9.744,3.892,6.14,0.566,11.029,7.799,0.904,50.645,0.616,0.346,0.457,0.077,0.077,0.697,0.691,38.716,4.4
4,1.392,11.118,5.166,7.031,0.585,11.367,8.038,0.91,54.292,0.643,0.395,0.449,0.062,0.062,0.691,0.646,40.042,4.474
4,1.539,8.727,5.975,7.313,0.536,10.512,7.433,0.895,45.581,0.628,0.257,0.548,0.037,0.037,0.622,0.742,34.129,4.131
4,1.554,7.39,5.635,8.021,0.495,8.617,6.093,0.877,35.708,0.65,0.239,0.619,0.02,0.02,0.548,0.553,14.383,2.682
4,1.474,8.818,5.245,8.168,0.773,7.615,5.385,0.944,72.469,0.701,0.294,0.574,0.044,0.044,0.794,0.7,9.8,2.214
4,1.413,9.889,4.939,6.724,0.57,10.759,7.608,0.904,50.256,0.64,0.325,0.461,0.083,0.083,0.671,0.581,24.986,3.535
4,1.31,8.852,3.316,5.371,0.582,8.991,6.358,0.901,44.925,0.64,0.294,0.562,0.065,0.065,0.627,0.644,18.689,3.057
4,1.395,9.563,4.605,6.288,0.595,10.404,7.357,0.909,52.122,0.641,0.383,0.464,0.071,0.071,0.673,0.587,25.813,3.593
4,1.257,5.76,1.488,3.9,0.625,7.5,5.303,0.905,43.081,0.653,0.362,0.372,0.096,0.096,0.755,0.824,23.059,3.395
4,1.363,13.848,5.897,7.032,0.516,11.04,7.806,0.892,45.174,0.624,0.309,0.463,0.102,0.102,0.642,0.602,31.92,3.995
4,1.328,12.857,5.092,6.563,0.53,12.307,8.703,0.899,50.333,0.63,0.309,0.509,0.091,0.091,0.665,0.686,49.371,4.968
4,1.442,15.333,7.406,8.552,0.725,8.513,6.019,0.935,65.845,0.638,0.284,0.58,0.057,0.057,0.818,0.72,12.96,2.546
4,1.381,16.8,7.257,9.674,0.81,7.419,5.246,0.952,84.257,0.619,0.288,0.577,0.038,0.038,0.904,1.0,15.0,2.739
4,1.354,18.222,7.49,8.23,0.726,9.292,6.571,0.937,71.21,0.652,0.318,0.542,0.028,0.028,0.85,0.794,21.441,3.274
4,1.355,9.853,4.244,7.347,0.633,11.583,8.19,0.921,62.711,0.642,0.312,0.502,0.079,0.079,0.753,0.791,41.925,4.579
4,1.303,12.0,4.466,6.547,0.765,8.791,6.216,0.945,79.57,0.674,0.337,0.472,0.056,0.056,0.809,0.833,20.833,3.227
5,1.488,20.5,9.961,10.656,0.805,8.927,6.312,0.955,97.276,0.65,0.338,0.588,0.037,0.037,0.875,0.926,23.148,3.402
4,1.397,23.222,9.953,8.262,0.617,8.923,6.31,0.91,48.947,0.632,0.326,0.439,0.061,0.061,0.705,0.698,20.93,3.235
4,1.325,14.325,5.627,7.619,0.513,12.282,8.685,0.895,48.408,0.647,0.313,0.509,0.038,0.038,0.62,0.638,47.207,4.858
4,1.41,12.769,6.024,6.824,0.705,9.081,6.421,0.932,64.83,0.608,0.297,0.554,0.059,0.059,0.832,0.8,19.2,3.098
4,1.414,5.067,3.077,3.835,0.638,7.868,5.563,0.911,46.593,0.658,0.31,0.6,0.02,0.02,0.7,0.613,11.645,2.413
4,1.186,6.515,0.946,3.171,0.558,8.184,5.787,0.891,39.304,0.647,0.41,0.432,0.043,0.043,0.647,0.614,21.491,3.278
4,1.466,10.235,5.695,8.021,0.511,9.542,6.747,0.885,40.051,0.704,0.278,0.555,0.045,0.045,0.531,0.662,29.779,3.859
4,1.255,9.483,2.912,5.265,0.545,9.045,6.396,0.892,41.421,0.644,0.311,0.469,0.079,0.079,0.599,0.582,18.618,3.051
4,1.293,6.28,2.117,4.295,0.599,7.502,5.305,0.899,40.241,0.669,0.343,0.448,0.095,0.095,0.657,0.611,13.444,2.593
4,1.324,10.219,4.02,6.558,0.587,10.618,7.508,0.908,51.912,0.651,0.315,0.474,0.08,0.08,0.728,0.701,32.97,4.06
4,1.298,4.96,1.665,3.162,0.653,7.274,5.144,0.912,45.349,0.702,0.322,0.46,0.069,0.069,0.655,0.536,8.036,2.004
4,1.314,8.235,3.13,6.114,0.75,8.874,6.275,0.942,75.289,0.671,0.457,0.426,0.053,0.053,0.84,0.884,33.581,4.098
4,1.482,11.36,6.333,8.433,0.599,10.088,7.133,0.909,51.398,0.623,0.305,0.497,0.102,0.102,0.695,0.63,21.407,3.272
4,1.378,7.255,3.504,7.006,0.534,9.856,6.969,0.892,43.132,0.663,0.261,0.615,0.04,0.04,0.611,0.593,20.763,3.222
4,1.363,9.821,4.323,5.997,0.53,10.373,7.335,0.893,44.469,0.632,0.298,0.545,0.029,0.029,0.628,0.722,37.556,4.333
4,1.306,10.956,4.097,6.15,0.568,12.611,8.917,0.909,56.125,0.657,0.296,0.488,0.083,0.083,0.691,0.771,57.042,5.34
4,1.367,11.056,4.85,6.142,0.593,8.365,5.915,0.901,43.549,0.613,0.262,0.566,0.033,0.033,0.68,0.531,9.031,2.125
4,1.414,10.125,5.049,8.183,0.601,14.321,10.126,0.92,66.888,0.649,0.266,0.519,0.076,0.076,0.742,0.684,45.806,4.786
4,1.395,14.333,6.465,6.92,0.837,5.49,3.882,0.953,72.273,0.628,0.296,0.63,0.0,0.0,0.926,0.875,6.125,1.75
4,1.44,9.096,4.947,8.185,0.586,12.736,9.006,0.913,59.112,0.683,0.279,0.604,0.028,0.028,0.697,0.678,41.344,4.547
5,1.5,12.167,6.855,10.174,0.539,13.035,9.217,0.903,53.605,0.682,0.314,0.462,0.083,0.083,0.643,0.624,48.672,4.933
4,1.527,12.789,7.414,9.189,0.646,10.072,7.122,0.92,58.527,0.638,0.265,0.548,0.058,0.058,0.735,0.854,29.878,3.865
4,1.398,8.944,4.389,6.78,0.683,8.669,6.13,0.925,58.002,0.72,0.259,0.56,0.086,0.086,0.759,0.733,16.133,2.84
4,1.305,5.964,2.14,2.994,0.713,9.208,6.511,0.934,67.4,0.599,0.44,0.34,0.09,0.09,0.85,0.75,24.75,3.518
5,1.522,10.627,6.516,10.293,0.522,12.156,8.596,0.897,49.046,0.67,0.325,0.504,0.039,0.039,0.634,0.576,39.186,4.426
4,1.439,9.474,5.084,8.697,0.706,9.466,6.693,0.933,67.283,0.633,0.246,0.658,0.044,0.044,0.816,0.893,22.321,3.341
4,1.519,11.0,6.621,8.275,0.658,8.995,6.36,0.92,55.278,0.642,0.3,0.542,0.058,0.058,0.717,0.806,23.361,3.418
4,1.352,14.766,6.117,7.539,0.621,16.361,11.569,0.927,77.247,0.622,0.294,0.546,0.03,0.03,0.817,0.764,74.087,6.086
5,1.477,10.157,5.798,9.412,0.552,12.566,8.886,0.905,53.857,0.668,0.315,0.494,0.061,0.061,0.671,0.661,47.56,4.876
4,1.397,10.077,4.824,7.246,0.817,9.349,6.61,0.958,107.899,0.618,0.358,0.457,0.086,0.086,0.914,0.862,21.552,3.283
4,1.426,9.308,4.862,7.836,0.599,13.182,9.321,0.917,62.763,0.688,0.255,0.574,0.072,0.072,0.703,0.635,34.306,4.142
4,1.304,8.438,3.084,5.451,0.741,8.607,6.086,0.939,70.667,0.681,0.402,0.424,0.065,0.065,0.761,0.784,22.73,3.371
4,1.354,9.722,4.182,6.361,0.554,10.37,7.333,0.899,47.028,0.569,0.271,0.487,0.101,0.101,0.683,0.685,25.352,3.56
5,1.605,10.3,7.368,9.587,0.56,9.842,6.959,0.899,45.783,0.641,0.278,0.561,0.066,0.066,0.652,0.836,38.473,4.386
4,1.277,16.545,5.926,6.029,0.458,10.699,7.565,0.876,39.027,0.571,0.407,0.404,0.099,0.099,0.593,0.63,50.394,5.02
4,1.312,7.917,2.974,5.859,0.491,10.691,7.56,0.884,41.717,0.674,0.281,0.525,0.053,0.053,0.584,0.533,25.6,3.578
4,1.386,7.059,3.519,5.659,0.583,11.068,7.826,0.908,53.046,0.669,0.34,0.448,0.046,0.046,0.672,0.61,30.488,3.904
4,1.513,8.051,5.4,7.037,0.548,9.707,6.864,0.895,44.022,0.682,0.234,0.509,0.037,0.037,0.584,0.58,16.82,2.9
4,1.425,13.722,6.578,9.197,0.615,9.672,6.839,0.912,51.986,0.628,0.323,0.51,0.065,0.065,0.761,0.78,30.42,3.9
4,1.415,11.75,5.688,7.889,0.534,12.674,8.962,0.901,51.869,0.652,0.326,0.489,0.087,0.087,0.647,0.558,37.408,4.325
5,1.5,13.086,7.213,10.228,0.55,11.775,8.326,0.902,51.176,0.648,0.276,0.492,0.131,0.131,0.643,0.695,39.622,4.451
4,1.323,8.061,3.169,5.218,0.677,11.037,7.804,0.93,69.05,0.632,0.292,0.5,0.101,0.101,0.774,0.735,26.449,3.637
4,1.46,11.641,6.182,8.476,0.573,12.202,8.628,0.909,55.472,0.621,0.312,0.539,0.067,0.067,0.716,0.716,45.102,4.749
4,1.27,8.021,2.526,5.207,0.496,9.734,6.883,0.882,39.355,0.649,0.316,0.496,0.056,0.056,0.572,0.557,24.506,3.5
4,1.44,9.096,4.947,8.185,0.586,12.736,9.006,0.913,59.112,0.683,0.279,0.604,0.028,0.028,0.697,0.678,41.344,4.547
4,1.412,10.51,5.174,7.088,0.527,16.748,11.843,0.907,61.55,0.605,0.33,0.498,0.089,0.089,0.723,0.622,77.736,6.234
4,1.324,4.581,1.819,3.084,0.634,7.553,5.341,0.908,44.402,0.746,0.34,0.491,0.066,0.066,0.651,0.639,14.694,2.711
4,1.396,16.545,7.331,7.797,0.615,8.302,5.87,0.907,45.858,0.687,0.264,0.496,0.072,0.072,0.608,0.667,14.667,2.708
4,1.371,9.877,4.443,6.834,0.57,13.529,9.566,0.911,59.287,0.655,0.306,0.537,0.073,0.073,0.699,0.69,53.841,5.188
4,1.5,13.455,7.357,9.108,0.757,9.206,6.51,0.944,79.882,0.649,0.25,0.5,0.021,0.021,0.813,0.75,13.5,2.598
4,1.348,13.2,5.47,8.251,0.705,8.095,5.724,0.928,58.665,0.659,0.241,0.586,0.08,0.08,0.782,0.857,15.429,2.777
4,1.412,11.269,5.465,7.936,0.49,13.466,9.522,0.892,49.031,0.637,0.335,0.497,0.067,0.067,0.632,0.652,68.478,5.851
4,1.395,10.453,4.951,7.757,0.54,12.703,8.983,0.902,52.69,0.67,0.318,0.485,0.062,0.062,0.639,0.712,59.797,5.468
4,1.373,14.684,6.335,7.624,0.559,9.339,6.604,0.897,43.865,0.624,0.305,0.506,0.04,0.04,0.69,0.642,21.811,3.302
4,1.415,12.273,5.891,8.903,0.756,8.779,6.208,0.943,76.312,0.63,0.388,0.494,0.059,0.059,0.859,0.879,25.485,3.57
4,1.251,7.979,2.28,4.715,0.563,10.896,7.705,0.903,49.807,0.651,0.311,0.496,0.09,0.09,0.623,0.487,18.013,3.001
4,1.438,10.682,5.548,8.332,0.643,9.85,6.965,0.919,56.913,0.655,0.305,0.513,0.065,0.065,0.721,0.681,21.787,3.301
4,1.321,9.0,3.508,6.538,0.852,7.667,5.421,0.964,111.808,0.667,0.278,0.648,0.0,0.0,0.907,1.0,15.0,2.739
4,1.492,14.917,7.829,8.682,0.743,9.941,7.029,0.943,80.514,0.687,0.244,0.634,0.008,0.008,0.854,0.967,28.033,3.744
4,1.302,8.308,3.019,5.954,0.574,10.333,7.307,0.904,49.205,0.614,0.296,0.503,0.075,0.075,0.714,0.712,29.898,3.866
